{
  "admin": [
    {
      "id": 1,
      "username": "admin",
      "password": "admin"
    },
    {
      "username": "add",
      "password": "add",
      "id": "2"
    },
    {
      "username": "goo",
      "password": "goo",
      "id": "9HGj__4"
    },
    {
      "username": "dod",
      "password": "hhj",
      "id": "3"
    },
    {
      "username": "rtr",
      "password": "yyu",
      "id": "KXgEINn"
    },
    {
      "username": "food",
      "password": "loop",
      "id": "Di51OWD"
    },
    {
      "username": "hoop",
      "password": "man",
      "id": "yKb3nOZ"
    },
    {
      "username": "hoop",
      "password": "man",
      "id": "NhX8CD4"
    },
    {
      "username": "goog",
      "password": "hhg",
      "id": "33"
    }
  ],
  "user": [
    {
      "id": 2,
      "username": "user",
      "password": "user"
    }
  ]
}